Workbook

Sheet لوحة
A1: لوحة متابعة قضاء الصلوات
A2: تتحدث تلقائيًا من ورقة «سجل»
A4: المتبقي | D4: تم قضاؤه | G4: الإنجاز | J4: المعدل اليومي | M4: الانتهاء المتوقع
A5: =ملخص!D10 -> 1918 | D5: =ملخص!C10 -> 0 | G5: =ملخص!E10 -> 0 | J5: =ملخص!B17 -> 0 | M5: =ملخص!B19 -> —

Sheet ملخص
A1: قضاء الصلوات الفائتة
A2: تاريخ البداية | B2: 46312
A4: الصلاة | B4: الأصل | C4: تم قضاؤه | D4: المتبقي | E4: نسبة الإنجاز | F4: آخر قضاء
A5: الفجر | B5: =273+4+1+1 -> 279 | C5: =SUMIFS(سجل!$C:$C,سجل!$B:$B,A5) -> 0 | D5: =MAX(0,B5-C5) -> 279 | E5: =IF(B5=0,0,C5/B5) -> 0 | F5: =IFERROR(LOOKUP(2,1/(سجل!$B$2:$B$5000=A5),سجل!$A$2:$A$5000),"")
A6: الظهر | B6: =358+4+1+1+1 -> 365 | C6: =SUMIFS(سجل!$C:$C,سجل!$B:$B,A6) -> 0 | D6: =MAX(0,B6-C6) -> 365 | E6: =IF(B6=0,0,C6/B6) -> 0 | F6: =IFERROR(LOOKUP(2,1/(سجل!$B$2:$B$5000=A6),سجل!$A$2:$A$5000),"")
A7: العصر | B7: =400+4+1+1+1 -> 407 | C7: =SUMIFS(سجل!$C:$C,سجل!$B:$B,A7) -> 0 | D7: =MAX(0,B7-C7) -> 407 | E7: =IF(B7=0,0,C7/B7) -> 0 | F7: =IFERROR(LOOKUP(2,1/(سجل!$B$2:$B$5000=A7),سجل!$A$2:$A$5000),"")
A8: المغرب | B8: =403+4+1+1+1 -> 410 | C8: =SUMIFS(سجل!$C:$C,سجل!$B:$B,A8) -> 0 | D8: =MAX(0,B8-C8) -> 410 | E8: =IF(B8=0,0,C8/B8) -> 0 | F8: =IFERROR(LOOKUP(2,1/(سجل!$B$2:$B$5000=A8),سجل!$A$2:$A$5000),"")
A9: العشاء | B9: =450+4+1+1+1 -> 457 | C9: =SUMIFS(سجل!$C:$C,سجل!$B:$B,A9) -> 0 | D9: =MAX(0,B9-C9) -> 457 | E9: =IF(B9=0,0,C9/B9) -> 0 | F9: =IFERROR(LOOKUP(2,1/(سجل!$B$2:$B$5000=A9),سجل!$A$2:$A$5000),"")
A10: المجموع | B10: =SUM(B5:B9) -> 1918 | C10: =SUM(C5:C9) -> 0 | D10: =SUM(D5:D9) -> 1918 | E10: =IF(B10=0,0,C10/B10) -> 0
A12: قضاء اليوم | B12: =SUMIFS(سجل!$C:$C,سجل!$A:$A,TODAY()) -> 0
A13: قضاء آخر ٧ أيام | B13: =SUMIFS(سجل!$C:$C,سجل!$A:$A,">="&(TODAY()-6)) -> 0
A14: قضاء هذا الشهر | B14: =SUMIFS(سجل!$C:$C,سجل!$A:$A,">="&DATE(YEAR(TODAY()),MONTH(TODAY()),1)) -> 0
A15: عدد الأيام من البداية | B15: =MAX(1,TODAY()-B2+1) -> 7
A16: أيام فيها قضاء | B16: =SUMPRODUCT(--(FREQUENCY(سجل!$A$2:$A$5000,سجل!$A$2:$A$5000)>0)) -> 0
A17: المعدل اليومي | B17: =C10/B15 -> 0
A18: الأيام المتبقية بهذا المعدل | B18: =IF(B17=0,"ابدأ القضاء",ROUNDUP(D10/B17,0)) -> ابدأ القضاء
A19: تاريخ الانتهاء المتوقع | B19: =IF(B17=0,"—",TODAY()+B18) -> —
A20: لو قضيت ٥ يوميًا تنتهي | B20: =TODAY()+ROUNDUP(D10/5,0) -> 46702
A21: لو قضيت ١٠ يوميًا تنتهي | B21: =TODAY()+ROUNDUP(D10/10,0) -> 46510
A22: الأقرب للانتهاء | B22: =INDEX(A5:A9,MATCH(MIN(D5:D9),D5:D9,0)) -> الفجر
A23: الأكثر متبقي | B23: =INDEX(A5:A9,MATCH(MAX(D5:D9),D5:D9,0)) -> العشاء
A24: طريقة الاستخدام: سطر واحد في ورقة «سجل» (التاريخ، الصلاة، العدد). كل شي ثاني يتحدث تلقائي.
A26: تحديث 2026-10-21 10:26 بقول محمد عبر سالم: أُضيفت 4 أيام فائتة كاملة (2026-10-17 → 2026-10-20) = +4 لكل صلاة (+20). فجر 2026-10-21 صُلي فرضًا في وقته — لا يُنقص القضاء (D-R-018). الظهر/العصر/المغرب/العشاء 10-21: لم يحن وقتها. | تحديث 2026-10-21 18:54: ظهر وعصر 10-21 فاتا (+1 لكل منهما) بقول محمد؛ المغرب بدأ 18:53 ولم يُضف (وقته مفتوح). | تحديث 2026-10-22 22:07 بقول محمد: أُضيف مغرب وعشاء 10-21 (+1 لكل منهما) وفرائض 10-22 الخمس (+1 لكل صلاة) لأنه لم يصلِّ فرضًا ولا قضاءً منذ آخر تعديل حتى عشاء 10-22 بتوقيت ماليزيا. المجموع صار 1913. | تحديث 2026-10-23 22:11 بقول محمد: أُضيفت فرائض 10-23 الخمس (+1 لكل صلاة) لأنه لم يصلِّ فرضًا ولا قضاءً منذ آخر تعديل حتى عشاء 10-23 بتوقيت ماليزيا. قضاء اليوم 0. المجموع صار 1918.

Sheet سجل
A1: التاريخ | B1: الصلاة | C1: العدد | D1: ملاحظة

Sheet بيانات
A1: التاريخ | B1: قضاء اليوم | C1: المتبقي (تراكمي) | D1: المتوسط المتحرك ٧ أيام | F1: الأسبوع | G1: قضاء الأسبوع | I1: الحالة | J1: العدد | L1: الصلاة | M1: قضاء هذا الشهر
A2: 46312 | B2: =SUMIFS(سجل!$C:$C,سجل!$A:$A,A2) -> 0 | C2: =IF(A2>TODAY(),NA(),ملخص!$B$10-SUM($B$2:B2)) -> 1918 | D2: =AVERAGE(B2:B2) -> 0 | F2: 46312 | G2: =SUMIFS(سجل!$C:$C,سجل!$A:$A,">="&F2,سجل!$A:$A,"<"&(F2+7)) -> 0 | I2: تم قضاؤه | J2: =ملخص!C10 -> 0 | L2: الفجر | M2: =SUMIFS(سجل!$C:$C,سجل!$B:$B,L2,سجل!$A:$A,">="&DATE(YEAR(TODAY()),MONTH(TODAY()),1)) -> 0
A3: 46313 | B3: =SUMIFS(سجل!$C:$C,سجل!$A:$A,A3) -> 0 | C3: =IF(A3>TODAY(),NA(),ملخص!$B$10-SUM($B$2:B3)) -> 1918 | D3: =AVERAGE(B2:B3) -> 0 | F3: 46319 | G3: =SUMIFS(سجل!$C:$C,سجل!$A:$A,">="&F3,سجل!$A:$A,"<"&(F3+7)) -> 0 | I3: المتبقي | J3: =ملخص!D10 -> 1918 | L3: الظهر | M3: =SUMIFS(سجل!$C:$C,سجل!$B:$B,L3,سجل!$A:$A,">="&DATE(YEAR(TODAY()),MONTH(TODAY()),1)) -> 0
A4: 46314 | B4: =SUMIFS(سجل!$C:$C,سجل!$A:$A,A4) -> 0 | C4: =IF(A4>TODAY(),NA(),ملخص!$B$10-SUM($B$2:B4)) -> 1918 | D4: =AVERAGE(B2:B4) -> 0 | F4: 46326 | G4: =SUMIFS(سجل!$C:$C,سجل!$A:$A,">="&F4,سجل!$A:$A,"<"&(F4+7)) -> 0 | L4: العصر | M4: =SUMIFS(سجل!$C:$C,سجل!$B:$B,L4,سجل!$A:$A,">="&DATE(YEAR(TODAY()),MONTH(TODAY()),1)) -> 0
A5: 46315 | B5: =SUMIFS(سجل!$C:$C,سجل!$A:$A,A5) -> 0 | C5: =IF(A5>TODAY(),NA(),ملخص!$B$10-SUM($B$2:B5)) -> 1918 | D5: =AVERAGE(B2:B5) -> 0 | F5: 46333 | G5: =SUMIFS(سجل!$C:$C,سجل!$A:$A,">="&F5,سجل!$A:$A,"<"&(F5+7)) -> 0 | L5: المغرب | M5: =SUMIFS(سجل!$C:$C,سجل!$B:$B,L5,سجل!$A:$A,">="&DATE(YEAR(TODAY()),MONTH(TODAY()),1)) -> 0
A6: 46316 | B6: =SUMIFS(سجل!$C:$C,سجل!$A:$A,A6) -> 0 | C6: =IF(A6>TODAY(),NA(),ملخص!$B$10-SUM($B$2:B6)) -> 1918 | D6: =AVERAGE(B2:B6) -> 0 | F6: 46340 | G6: =SUMIFS(سجل!$C:$C,سجل!$A:$A,">="&F6,سجل!$A:$A,"<"&(F6+7)) -> 0 | L6: العشاء | M6: =SUMIFS(سجل!$C:$C,سجل!$B:$B,L6,سجل!$A:$A,">="&DATE(YEAR(TODAY()),MONTH(TODAY()),1)) -> 0
A7: 46317 | B7: =SUMIFS(سجل!$C:$C,سجل!$A:$A,A7) -> 0 | C7: =IF(A7>TODAY(),NA(),ملخص!$B$10-SUM($B$2:B7)) -> 1918 | D7: =AVERAGE(B2:B7) -> 0 | F7: 46347 | G7: =SUMIFS(سجل!$C:$C,سجل!$A:$A,">="&F7,سجل!$A:$A,"<"&(F7+7)) -> 0
A8: 46318 | B8: =SUMIFS(سجل!$C:$C,سجل!$A:$A,A8) -> 0 | C8: =IF(A8>TODAY(),NA(),ملخص!$B$10-SUM($B$2:B8)) -> 1918 | D8: =AVERAGE(B2:B8) -> 0 | F8: 46354 | G8: =SUMIFS(سجل!$C:$C,سجل!$A:$A,">="&F8,سجل!$A:$A,"<"&(F8+7)) -> 0
A9: 46319 | B9: =SUMIFS(سجل!$C:$C,سجل!$A:$A,A9) -> 0 | C9: =IF(A9>TODAY(),NA(),ملخص!$B$10-SUM($B$2:B9)) -> #N/A | D9: =AVERAGE(B3:B9) -> 0 | F9: 46361 | G9: =SUMIFS(سجل!$C:$C,سجل!$A:$A,">="&F9,سجل!$A:$A,"<"&(F9+7)) -> 0
A10: 46320 | B10: =SUMIFS(سجل!$C:$C,سجل!$A:$A,A10) -> 0 | C10: =IF(A10>TODAY(),NA(),ملخص!$B$10-SUM($B$2:B10)) -> #N/A | D10: =AVERAGE(B4:B10) -> 0 | F10: 46368 | G10: =SUMIFS(سجل!$C:$C,سجل!$A:$A,">="&F10,سجل!$A:$A,"<"&(F10+7)) -> 0
A11: 46321 | B11: =SUMIFS(سجل!$C:$C,سجل!$A:$A,A11) -> 0 | C11: =IF(A11>TODAY(),NA(),ملخص!$B$10-SUM($B$2:B11)) -> #N/A | D11: =AVERAGE(B5:B11) -> 0 | F11: 46375 | G11: =SUMIFS(سجل!$C:$C,سجل!$A:$A,">="&F11,سجل!$A:$A,"<"&(F11+7)) -> 0
A12: 46322 | B12: =SUMIFS(سجل!$C:$C,سجل!$A:$A,A12) -> 0 | C12: =IF(A12>TODAY(),NA(),ملخص!$B$10-SUM($B$2:B12)) -> #N/A | D12: =AVERAGE(B6:B12) -> 0 | F12: 46382 | G12: =SUMIFS(سجل!$C:$C,سجل!$A:$A,">="&F12,سجل!$A:$A,"<"&(F12+7)) -> 0
A13: 46323 | B13: =SUMIFS(سجل!$C:$C,سجل!$A:$A,A13) -> 0 | C13: =IF(A13>TODAY(),NA(),ملخص!$B$10-SUM($B$2:B13)) -> #N/A | D13: =AVERAGE(B7:B13) -> 0 | F13: 46389 | G13: =SUMIFS(سجل!$C:$C,سجل!$A:$A,">="&F13,سجل!$A:$A,"<"&(F13+7)) -> 0
A14: 46324 | B14: =SUMIFS(سجل!$C:$C,سجل!$A:$A,A14) -> 0 | C14: =IF(A14>TODAY(),NA(),ملخص!$B$10-SUM($B$2:B14)) -> #N/A | D14: =AVERAGE(B8:B14) -> 0 | F14: 46396 | G14: =SUMIFS(سجل!$C:$C,سجل!$A:$A,">="&F14,سجل!$A:$A,"<"&(F14+7)) -> 0
A15: 46325 | B15: =SUMIFS(سجل!$C:$C,سجل!$A:$A,A15) -> 0 | C15: =IF(A15>TODAY(),NA(),ملخص!$B$10-SUM($B$2:B15)) -> #N/A | D15: =AVERAGE(B9:B15) -> 0 | F15: 46403 | G15: =SUMIFS(سجل!$C:$C,سجل!$A:$A,">="&F15,سجل!$A:$A,"<"&(F15+7)) -> 0
A16: 46326 | B16: =SUMIFS(سجل!$C:$C,سجل!$A:$A,A16) -> 0 | C16: =IF(A16>TODAY(),NA(),ملخص!$B$10-SUM($B$2:B16)) -> #N/A | D16: =AVERAGE(B10:B16) -> 0 | F16: 46410 | G16: =SUMIFS(سجل!$C:$C,سجل!$A:$A,">="&F16,سجل!$A:$A,"<"&(F16+7)) -> 0
A17: 46327 | B17: =SUMIFS(سجل!$C:$C,سجل!$A:$A,A17) -> 0 | C17: =IF(A17>TODAY(),NA(),ملخص!$B$10-SUM($B$2:B17)) -> #N/A | D17: =AVERAGE(B11:B17) -> 0 | F17: 46417 | G17: =SUMIFS(سجل!$C:$C,سجل!$A:$A,">="&F17,سجل!$A:$A,"<"&(F17+7)) -> 0
A18: 46328 | B18: =SUMIFS(سجل!$C:$C,سجل!$A:$A,A18) -> 0 | C18: =IF(A18>TODAY(),NA(),ملخص!$B$10-SUM($B$2:B18)) -> #N/A | D18: =AVERAGE(B12:B18) -> 0 | F18: 46424 | G18: =SUMIFS(سجل!$C:$C,سجل!$A:$A,">="&F18,سجل!$A:$A,"<"&(F18+7)) -> 0
A19: 46329 | B19: =SUMIFS(سجل!$C:$C,سجل!$A:$A,A19) -> 0 | C19: =IF(A19>TODAY(),NA(),ملخص!$B$10-SUM($B$2:B19)) -> #N/A | D19: =AVERAGE(B13:B19) -> 0 | F19: 46431 | G19: =SUMIFS(سجل!$C:$C,سجل!$A:$A,">="&F19,سجل!$A:$A,"<"&(F19+7)) -> 0
... A27: 46337 | B27: =SUMIFS(سجل!$C:$C,سجل!$A:$A,A27) -> 0 | C27: =IF(A27>TODAY(),NA(),ملخص!$B$10-SUM($B$2:B27)) -> #N/A | D27: =AVERAGE(B21:B27) -> 0 | F27: 46487 | G27: =SUMIFS(سجل!$C:$C,سجل!$A:$A,">="&F27,سجل!$A:$A,"<"&(F27+7)) -> 0
A28: 46338 | B28: =SUMIFS(سجل!$C:$C,سجل!$A:$A,A28) -> 0 | C28: =IF(A28>TODAY(),NA(),ملخص!$B$10-SUM($B$2:B28)) -> #N/A | D28: =AVERAGE(B22:B28) -> 0
A29: 46339 | B29: =SUMIFS(سجل!$C:$C,سجل!$A:$A,A29) -> 0 | C29: =IF(A29>TODAY(),NA(),ملخص!$B$10-SUM($B$2:B29)) -> #N/A | D29: =AVERAGE(B23:B29) -> 0
A30: 46340 | B30: =SUMIFS(سجل!$C:$C,سجل!$A:$A,A30) -> 0 | C30: =IF(A30>TODAY(),NA(),ملخص!$B$10-SUM($B$2:B30)) -> #N/A | D30: =AVERAGE(B24:B30) -> 0
A31: 46341 | B31: =SUMIFS(سجل!$C:$C,سجل!$A:$A,A31) -> 0 | C31: =IF(A31>TODAY(),NA(),ملخص!$B$10-SUM($B$2:B31)) -> #N/A | D31: =AVERAGE(B25:B31) -> 0
A32: 46342 | B32: =SUMIFS(سجل!$C:$C,سجل!$A:$A,A32) -> 0 | C32: =IF(A32>TODAY(),NA(),ملخص!$B$10-SUM($B$2:B32)) -> #N/A | D32: =AVERAGE(B26:B32) -> 0
A33: 46343 | B33: =SUMIFS(سجل!$C:$C,سجل!$A:$A,A33) -> 0 | C33: =IF(A33>TODAY(),NA(),ملخص!$B$10-SUM($B$2:B33)) -> #N/A | D33: =AVERAGE(B27:B33) -> 0
A34: 46344 | B34: =SUMIFS(سجل!$C:$C,سجل!$A:$A,A34) -> 0 | C34: =IF(A34>TODAY(),NA(),ملخص!$B$10-SUM($B$2:B34)) -> #N/A | D34: =AVERAGE(B28:B34) -> 0
A35: 46345 | B35: =SUMIFS(سجل!$C:$C,سجل!$A:$A,A35) -> 0 | C35: =IF(A35>TODAY(),NA(),ملخص!$B$10-SUM($B$2:B35)) -> #N/A | D35: =AVERAGE(B29:B35) -> 0
A36: 46346 | B36: =SUMIFS(سجل!$C:$C,سجل!$A:$A,A36) -> 0 | C36: =IF(A36>TODAY(),NA(),ملخص!$B$10-SUM($B$2:B36)) -> #N/A | D36: =AVERAGE(B30:B36) -> 0
A37: 46347 | B37: =SUMIFS(سجل!$C:$C,سجل!$A:$A,A37) -> 0 | C37: =IF(A37>TODAY(),NA(),ملخص!$B$10-SUM($B$2:B37)) -> #N/A | D37: =AVERAGE(B31:B37) -> 0
A38: 46348 | B38: =SUMIFS(سجل!$C:$C,سجل!$A:$A,A38) -> 0 | C38: =IF(A38>TODAY(),NA(),ملخص!$B$10-SUM($B$2:B38)) -> #N/A | D38: =AVERAGE(B32:B38) -> 0
A39: 46349 | B39: =SUMIFS(سجل!$C:$C,سجل!$A:$A,A39) -> 0 | C39: =IF(A39>TODAY(),NA(),ملخص!$B$10-SUM($B$2:B39)) -> #N/A | D39: =AVERAGE(B33:B39) -> 0
... A121: 46431 | B121: =SUMIFS(سجل!$C:$C,سجل!$A:$A,A121) -> 0 | C121: =IF(A121>TODAY(),NA(),ملخص!$B$10-SUM($B$2:B121)) -> #N/A | D121: =AVERAGE(B115:B121) -> 0
